п»ї-- MySQL dump 10.13  Distrib 8.0.46, for Linux (x86_64)
--
-- Host: host.docker.internal    Database: tn
-- ------------------------------------------------------
-- Server version	8.4.8

/*!40101 SET @OLD_CHARACTER_SET_CLIENT=@@CHARACTER_SET_CLIENT */;
/*!40101 SET @OLD_CHARACTER_SET_RESULTS=@@CHARACTER_SET_RESULTS */;
/*!40101 SET @OLD_COLLATION_CONNECTION=@@COLLATION_CONNECTION */;
/*!50503 SET NAMES utf8mb4 */;
/*!40103 SET @OLD_TIME_ZONE=@@TIME_ZONE */;
/*!40103 SET TIME_ZONE='+00:00' */;
/*!40014 SET @OLD_UNIQUE_CHECKS=@@UNIQUE_CHECKS, UNIQUE_CHECKS=0 */;
/*!40014 SET @OLD_FOREIGN_KEY_CHECKS=@@FOREIGN_KEY_CHECKS, FOREIGN_KEY_CHECKS=0 */;
/*!40101 SET @OLD_SQL_MODE=@@SQL_MODE, SQL_MODE='NO_AUTO_VALUE_ON_ZERO' */;
/*!40111 SET @OLD_SQL_NOTES=@@SQL_NOTES, SQL_NOTES=0 */;

--
-- Dumping data for table `diemmonhoc`
--

LOCK TABLES `diemmonhoc` WRITE;
/*!40000 ALTER TABLE `diemmonhoc` DISABLE KEYS */;
INSERT INTO `diemmonhoc` (`MaDiem`, `MaSV`, `MaLopMon`, `DiemGK`, `DiemCK`, `DiemTK`, `DiemH4`, `DiemChu`, `GhiChu`) VALUES ('D00C24AB80AEE','SV26040115460848','LM26032821312229',NULL,NULL,NULL,NULL,NULL,NULL),('D02AB2359D601','SV26032821181078','LM26032821312229',NULL,NULL,NULL,NULL,NULL,NULL),('D03F6C65F8AF3','SV26040115460848','LM26041501105800',NULL,NULL,NULL,NULL,NULL,NULL),('D05D9B482D7C5','SV26041416422611','LM26041501105813',NULL,NULL,NULL,NULL,NULL,NULL),('D140FC541D052','SV26041416422395','LM26041501105832',NULL,NULL,NULL,NULL,NULL,NULL),('D17F27100789A','SV26041416422786','LM26041501105813',NULL,NULL,NULL,NULL,NULL,NULL),('D1CDFF90F8BA1','SV26041416422703','LM26051603142477',NULL,NULL,NULL,NULL,NULL,NULL),('D2373D1F7033E','SV26041416422349','LM26041501105832',NULL,NULL,NULL,NULL,NULL,NULL),('D253DC773A811','SV26041416422440','LM26032821312229',NULL,NULL,NULL,NULL,NULL,NULL),('D2E43F731FAAD','SV26041416422395','LM26041501105800',NULL,NULL,NULL,NULL,NULL,NULL),('D36DC003FAE98','SV26041416423036','LM26051603134754',NULL,NULL,NULL,NULL,NULL,NULL),('D3A491EEFAE77','SV26041416422994','LM26051603134754',NULL,NULL,NULL,NULL,NULL,NULL),('D3AD16640E92F','SV26041416423036','LM26051603191755',NULL,NULL,NULL,NULL,NULL,NULL),('D480B5E8C9682','SV26032820590173','LM26032821312229',NULL,NULL,NULL,NULL,NULL,NULL),('D49B211E2D613','SV26041416422564','LM26051603142477',NULL,NULL,NULL,NULL,NULL,NULL),('D4E82FF76AF73','SV26041416422745','LM26051603191755',NULL,NULL,NULL,NULL,NULL,NULL),('D51287365','SV26041416422949','LM26032821312229',0,0,0,0,'F','Ghв”њвЊђp'),('D51714943','SV26041416422482','LM26041501105836',3,6,5.1,1.5,'D+','ghв”њвЊђp'),('D57435F684681','SV26041416422482','LM26051603142477',NULL,NULL,NULL,NULL,NULL,NULL),('D6342287800','SV26041416423036','LM26041501105836',NULL,NULL,NULL,NULL,NULL,NULL),('D6475822100','SV26041416422949','LM26041501105836',9,10,9.7,4,'A',NULL),('D6482BDF5F4AE','SV26041416422660','LM26041501105813',NULL,NULL,NULL,NULL,NULL,NULL),('D73536792','SV26041416422949','LM26041501105800',7,5,5.6,2,'C','Ghв”њвЊђp'),('D7665A38CD4C3','SV26041416422524','LM26051603142477',NULL,NULL,NULL,NULL,NULL,NULL),('D78573755','SV26041416422482','LM26041501105800',NULL,NULL,NULL,NULL,NULL,NULL),('D7D6DDDBEDE7F','SV26032821181078','LM26041501105800',NULL,NULL,NULL,NULL,NULL,NULL),('D7FB82EEC9D14','SV26041416422395','LM26032821312229',NULL,NULL,NULL,NULL,NULL,NULL),('D8798741A0860','SV26041416422994','LM26051603191755',NULL,NULL,NULL,NULL,NULL,NULL),('D8848EC9C8647','SV26041416423036','LM26051603142477',NULL,NULL,NULL,NULL,NULL,NULL),('D886FB96BE844','SV26041416422349','LM26032821312229',NULL,NULL,NULL,NULL,NULL,NULL),('D8AD47DBFD229','SV26041416422349','LM26041501105800',NULL,NULL,NULL,NULL,NULL,NULL),('D8C6E73EB935B','SV26041416422745','LM26041501105836',NULL,NULL,NULL,NULL,NULL,NULL),('D8D10F12F2DF3','SV26041416422949','LM26051603191755',6,6,6,2,'C',NULL),('D9C2C29B0B4C7','SV26041416422949','LM26051603134754',9,5,6.2,2,'C',NULL),('DA12112478442','SV26041416422440','LM26041501105832',NULL,NULL,NULL,NULL,NULL,NULL),('DA8C696CFD4AD','SV26041416422994','LM26041501105836',2,10,7.6,3,'B',NULL),('DA965EC07BE58','SV26032820590173','LM26041501105800',NULL,NULL,NULL,NULL,NULL,NULL),('DAD9A71A72182','SV26041416422994','LM26051603142477',NULL,NULL,NULL,NULL,NULL,NULL),('DBA6651481BA7','SV26041416422745','LM26051603134754',NULL,NULL,NULL,NULL,NULL,NULL),('DE2DEE0CFA7B5','SV26041416422440','LM26041501105800',NULL,NULL,NULL,NULL,NULL,NULL),('DE9485807E064','SV26041416422949','LM26051603142477',3,3,3,0,'F',NULL),('DFA67B8CD1C64','SV26041416422745','LM26051603142477',NULL,NULL,NULL,NULL,NULL,NULL);
/*!40000 ALTER TABLE `diemmonhoc` ENABLE KEYS */;
UNLOCK TABLES;

--
-- Dumping data for table `diemtracnghiem`
--

LOCK TABLES `diemtracnghiem` WRITE;
/*!40000 ALTER TABLE `diemtracnghiem` DISABLE KEYS */;
INSERT INTO `diemtracnghiem` (`MaTN`, `MaSV`, `MaLopMon`, `SoCauDung`, `TongSoCau`, `FileID`, `ThoiGianLam`, `ThoiGianNop`, `SoLanViPham`) VALUES ('0ca5e7eb_SV26040115460848','SV26040115460848','LM26032821312229',2,8,'TrГџв•‘В»c nghiГџв•—Г§m AI - LM26032821312229 - 06/04/2026',39,'2026-04-10 18:13:50',8),('2d26f121_SV26040115460848','SV26040115460848','LM26032821312229',1,6,'TrГџв•‘В»c nghiГџв•—Г§m AI - LM26032821312229 - 01/04/2026',0,'2026-04-01 17:05:12',0),('4db7de26_SV26040115460848','SV26040115460848','LM26032821312229',0,6,'TrГџв•‘В»c nghiГџв•—Г§m AI - LM26032821312229 - 01/04/2026',0,'2026-04-01 16:30:22',0),('65e3f0f4_SV26040115460848','SV26040115460848','LM26032821312229',0,6,'TrГџв•‘В»c nghiГџв•—Г§m AI - LM26032821312229 - 01/04/2026',0,'2026-04-01 16:51:59',0),('7caf2ead_SV26040115460848','SV26040115460848','LM26032821312229',1,5,'Bв”њГЎi trГџв•‘В»c nghiГџв•—Г§m',0,'2026-04-01 16:22:11',4),('b3aebc35_SV26040115460848','SV26040115460848','LM26032821312229',0,5,'Bв”њГЎi trГџв•‘В»c nghiГџв•—Г§m',0,'2026-04-01 15:47:00',0),('e1f21830_SV26041416422949','SV26041416422949','LM26041501105836',2,10,'TrГџв•‘В»c nghiГџв•—Г§m AI - LM26041501105836 - 15/04/2026',45,'2026-05-20 16:01:56',1),('e1f21830_SV26041416423036','SV26041416423036','LM26041501105836',3,10,'TrГџв•‘В»c nghiГџв•—Г§m AI - LM26041501105836 - 15/04/2026',17,'2026-04-15 21:31:24',0);
/*!40000 ALTER TABLE `diemtracnghiem` ENABLE KEYS */;
UNLOCK TABLES;

--
-- Dumping data for table `giaovien`
--

LOCK TABLES `giaovien` WRITE;
/*!40000 ALTER TABLE `giaovien` DISABLE KEYS */;
INSERT INTO `giaovien` (`MaGV`, `TenGV`, `GioiTinh`, `NgaySinh`, `DiaChi`, `Gmail`) VALUES ('GV001','NguyГџв•—Г n Vв”ЂГўn An','Nam','1980-05-12','123 Lв”њВ¬ LГџв•—Гєi, TP.HCM','nguyenvanan@uni.edu.vn'),('GV002','TrГџв•‘Вєn ThГџв•—ГЇ Bв”њВјnh','NГџв•—В»','1985-08-20','45 NguyГџв•—Г n Trв”њГєi, Hв”њГЎ NГџв•—Г–i','tranthiminh@uni.edu.vn'),('GV003','Lв”њВ¬ Minh Chв”њГіu','Nam','1978-11-03','67 в”ЂГ‰inh Tiв”њВ¬n Hoв”њГЎng, HCM','leminhchau@uni.edu.vn'),('GV004','PhГџв•‘Г­m ThГџв•—ГЇ Dung','NГџв•—В»','1990-03-15','89 TrГџв•‘Вєn Hв•ћв–‘ng в”ЂГ‰Гџв•‘Г­o, DN','phamthidung@uni.edu.vn'),('GV005','Hoв”њГЎng Vв”ЂГўn Em','Nam','1982-07-28','12 Phan Chu Trinh, HN','hoangvanem@uni.edu.vn');
/*!40000 ALTER TABLE `giaovien` ENABLE KEYS */;
UNLOCK TABLES;

--
-- Dumping data for table `hocki`
--

LOCK TABLES `hocki` WRITE;
/*!40000 ALTER TABLE `hocki` DISABLE KEYS */;
INSERT INTO `hocki` (`MaHocKi`, `TenHocKi`, `MaNamHoc`) VALUES ('HK1_2223','HГџв•—Г¬c kв”њВј 1','NH2223'),('HK1_2324','HГџв•—Г¬c kв”њВј 1','NH2324'),('HK1_2425','HГџв•—Г¬c kв”њВј 1','NH2425'),('HK2_2223','HГџв•—Г¬c kв”њВј 2','NH2223'),('HK2_2324','HГџв•—Г¬c kв”њВј 2','NH2324'),('HK2_2425','HГџв•—Г¬c kв”њВј 2','NH2425');
/*!40000 ALTER TABLE `hocki` ENABLE KEYS */;
UNLOCK TABLES;

--
-- Dumping data for table `khoahoc`
--

LOCK TABLES `khoahoc` WRITE;
/*!40000 ALTER TABLE `khoahoc` DISABLE KEYS */;
INSERT INTO `khoahoc` (`MaKhoa`, `TenKhoa`) VALUES ('K01','Khoв”њГ­ 1'),('K02','Khoв”њГ­ 2');
/*!40000 ALTER TABLE `khoahoc` ENABLE KEYS */;
UNLOCK TABLES;

--
-- Dumping data for table `lichhoc`
--

LOCK TABLES `lichhoc` WRITE;
/*!40000 ALTER TABLE `lichhoc` DISABLE KEYS */;
INSERT INTO `lichhoc` (`MaLich`, `MaLopMon`, `NgayBatDau`, `NgayKetThuc`, `Thu`, `PhongHoc`, `Ca`) VALUES ('LH334F1E7340','LM26041501105826','2025-02-01','2025-06-30','ThГџв•—вЊђ 4','D102','Ca 4'),('LH3A67706B71','LM26041501105813','2023-09-01','2024-01-15','ThГџв•—вЊђ 6','C104','Ca 3'),('LH3A7559CC79','LM26041501105803','2023-09-01','2024-01-15','ThГџв•—вЊђ 7','A101','Ca 4'),('LH4CECDCF2D1','LM26041501105829','2025-02-01','2025-06-30','ThГџв•—вЊђ 3','B105','Ca 3'),('LH66050723','LM26041501105813','2024-09-01','2025-01-15','ThГџв•—вЊђ 3','B102','Ca 3'),('LH66221719','LM26041501105800','2024-09-01','2025-01-15','ThГџв•—вЊђ 4','B103','Ca 1'),('LH68103934','LM26041501105823','2024-09-01','2025-01-15','ThГџв•—вЊђ 3','B108','Ca 3'),('LH74FBD4A044','LM26041501105836','2024-09-01','2025-01-15','ThГџв•—вЊђ 4','B103','Ca 1'),('LH8730761F72','LM26041501105816','2024-02-01','2024-06-30','ThГџв•—вЊђ 7','C105','Ca 2'),('LHB6DC40C905','LM26041501105832','2024-09-01','2025-01-15','ThГџв•—вЊђ 5','A105','Ca 4'),('LHB9C2CC9305','LM26041501105809','2024-02-01','2024-06-30','ThГџв•—вЊђ 2','C101','Ca 4'),('LHBD67B71359','LM26041501105800','2023-09-01','2024-01-15','ThГџв•—вЊђ 3','B101','Ca 1');
/*!40000 ALTER TABLE `lichhoc` ENABLE KEYS */;
UNLOCK TABLES;

--
-- Dumping data for table `lop`
--

LOCK TABLES `lop` WRITE;
/*!40000 ALTER TABLE `lop` DISABLE KEYS */;
INSERT INTO `lop` (`MaLop`, `TenLop`, `MaKhoa`) VALUES ('K01CNTT1','Cв”њв”¤ng nghГџв•—Г§ thв”њв”¤ng tin 1','K01'),('K01CNTT2','Cв”њв”¤ng nghГџв•—Г§ thв”њв”¤ng tin 2','K01'),('K01HTTT1','HГџв•—Г§ thГџв•—Г¦ng thв”њв”¤ng tin 1','K01'),('K02CNTT1','Cв”њв”¤ng nghГџв•—Г§ thв”њв”¤ng tin 1','K02'),('K02HTTT1','HГџв•—Г§ thГџв•—Г¦ng thв”њв”¤ng tin 1','K02');
/*!40000 ALTER TABLE `lop` ENABLE KEYS */;
UNLOCK TABLES;

--
-- Dumping data for table `lopmonhoc`
--

LOCK TABLES `lopmonhoc` WRITE;
/*!40000 ALTER TABLE `lopmonhoc` DISABLE KEYS */;
INSERT INTO `lopmonhoc` (`MaLopMon`, `MaLop`, `MaMH`, `MaGV`, `MaHocKi`, `ChoPhepXemDiem`, `ChoPhepXemQuiz`, `TenLopMon`) VALUES ('LM26032821312229','K01CNTT1','MH004','GV001','HK1_2425',1,1,NULL),('LM26041501105800','K01CNTT1','MH001','GV001','HK1_2324',1,0,NULL),('LM26041501105803','K01CNTT1','MH002','GV002','HK1_2324',0,0,NULL),('LM26041501105809','K01CNTT2','MH003','GV003','HK2_2324',0,0,NULL),('LM26041501105813','K01CNTT2','MH001','GV001','HK1_2324',0,0,NULL),('LM26041501105816','K01CNTT2','MH004','GV004','HK2_2324',0,0,NULL),('LM26041501105820','K01CNTT1','MH006','GV005','HK1_2425',0,0,NULL),('LM26041501105823','K01HTTT1','MH007','GV002','HK1_2425',0,0,NULL),('LM26041501105826','K01HTTT1','MH007','GV002','HK2_2425',0,0,NULL),('LM26041501105829','K02CNTT1','MH008','GV003','HK2_2425',0,0,NULL),('LM26041501105832','K01CNTT1','MH005','GV004','HK1_2425',0,0,''),('LM26041501105836','K02HTTT1','MH26032821192702','GV001','HK1_2425',0,1,NULL),('LM26051603134754','K02HTTT1','MH008','GV001','HK1_2223',1,0,'QuГџв•‘Гєn trГџв•—ГЇ hГџв•—Г§ thГџв•—Г¦ng'),('LM26051603142477','K02HTTT1','MH006','GV001','HK1_2324',1,0,''),('LM26051603191755','K02HTTT1','MH006','GV001','HK2_2324',1,1,'Toв”њГ­n rr');
/*!40000 ALTER TABLE `lopmonhoc` ENABLE KEYS */;
UNLOCK TABLES;

--
-- Dumping data for table `monhoc`
--

LOCK TABLES `monhoc` WRITE;
/*!40000 ALTER TABLE `monhoc` DISABLE KEYS */;
INSERT INTO `monhoc` (`MaMH`, `TenMH`, `SoTinChi`) VALUES ('MH001','LГџв•‘ВЎp trв”њВјnh Python',3),('MH002','Cв•ћГ­ sГџв•—Ж’ dГџв•—В» liГџв•—Г§u',3),('MH003','MГџв•‘Г­ng mв”њГ­y tв”њВЎnh',2),('MH004','Trв”њВЎ tuГџв•—Г§ nhв”њГіn tГџв•‘Г­o',3),('MH005','KГџв•‘в”ђ toв”њГ­n tв”њГЎi chв”њВЎnh',3),('MH006','Toв”њГ­n rГџв•—ВҐi rГџв•‘Г­c',2),('MH007','LГџв•‘ВЎp trв”њВјnh Web',3),('MH008','QuГџв•‘Гєn trГџв•—ГЇ hГџв•—Г§ thГџв•—Г¦ng',2),('MH26032821192702','Mon Hoc Test Drive',2);
/*!40000 ALTER TABLE `monhoc` ENABLE KEYS */;
UNLOCK TABLES;

--
-- Dumping data for table `namhoc`
--

LOCK TABLES `namhoc` WRITE;
/*!40000 ALTER TABLE `namhoc` DISABLE KEYS */;
INSERT INTO `namhoc` (`MaNamHoc`, `NamHoc`) VALUES ('NH2223','2022 - 2023'),('NH2324','2023 - 2024'),('NH2425','2024 - 2025');
/*!40000 ALTER TABLE `namhoc` ENABLE KEYS */;
UNLOCK TABLES;

--
-- Dumping data for table `sinhvien`
--

LOCK TABLES `sinhvien` WRITE;
/*!40000 ALTER TABLE `sinhvien` DISABLE KEYS */;
INSERT INTO `sinhvien` (`MaSV`, `TenSV`, `GioiTinh`, `NgaySinh`, `DiaChi`, `MaLop`, `Gmail`, `MaKhoa`) VALUES ('SV26032820590173','Sinh Viв”њВ¬n 0173','Nam','2004-01-01','Hв”њГЎ NГџв•—Г–i','K01CNTT1','sv26032820590173@gmail.com','K01'),('SV26032821181078','Sinh Viв”њВ¬n 1078','Nam','2004-01-01','Hв”њГЎ NГџв•—Г–i','K01CNTT1','sv26032821181078@gmail.com','K01'),('SV26040115460848','Sinh Viв”њВ¬n 0848','Nam','2004-01-01','Hв”њГЎ NГџв•—Г–i','K01CNTT1','sv26040115460848@gmail.com','K01'),('SV26041416422349','NguyГџв•—Г n ThГџв•—ГЇ Anh','NГџв•—В»','2002-01-15','Hв”њГЎ NГџв•—Г–i','K01CNTT1','nguyenthianh@gmail.com','K01'),('SV26041416422395','TrГџв•‘Вєn Vв”ЂГўn BГџв•‘Гєo','Nam','2002-03-22','TP.HCM','K01CNTT1','tranvanbao@gmail.com','K01'),('SV26041416422440','Lв”њВ¬ ThГџв•—ГЇ CГџв•‘вЊђm','NГџв•—В»','2002-06-10','в”ЂГ‰в”њГЎ NГџв•‘в•Ўng','K01CNTT1','lethicam@gmail.com','K01'),('SV26041416422482','PhГџв•‘Г­m Vв”ЂГўn Dв”јвЊђng','Nam','2002-09-05','CГџв•‘Вєn Thв•ћГ­','K02CNTT1','phamvandung@gmail.com','K02'),('SV26041416422524','Hoв”њГЎng ThГџв•—ГЇ в”њГ«n','NГџв•—В»','2002-11-18','HГџв•‘Гєi Phв”њв–“ng','K02CNTT1','hoangthien@gmail.com','K02'),('SV26041416422564','Vв”јвЊђ Vв”ЂГўn Phong','Nam','2002-04-27','HuГџв•‘в”ђ','K02CNTT1','vuvanphong@gmail.com','K02'),('SV26041416422611','в”ЂГ‰inh ThГџв•—ГЇ Giang','NГџв•—В»','2003-02-14','Bв”њВјnh Dв•ћв–‘в•ћГ­ng','K01CNTT2','dinhthigiang@gmail.com','K01'),('SV26041416422660','Bв”њв•Јi Vв”ЂГўn HГџв•‘Гєi','Nam','2003-05-30','Long An','K01CNTT2','buivanhai@gmail.com','K01'),('SV26041416422703','Ngв”њв”¤ ThГџв•—ГЇ Hв•ћв–‘в•ћГ­ng','NГџв•—В»','2003-08-19','TiГџв•—Гјn Giang','K02CNTT1','ngothihuong@gmail.com','K02'),('SV26041416422745','в”ЂГ‰Гџв•‘в•–ng Vв”ЂГўn Khв”њв”¤i','Nam','2003-12-01','Vв”ЂвЊђnh Long','K02HTTT1','dangvankhoi@gmail.com','K02'),('SV26041416422786','Lв”њв•њ ThГџв•—ГЇ Lan','NГџв•—В»','2003-07-07','An Giang','K01CNTT2','lythilan@gmail.com','K01'),('SV26041416422825','Cao Vв”ЂГўn Minh','Nam','2004-01-20','Kiв”њВ¬n Giang','K01HTTT1','caovanminh@gmail.com','K01'),('SV26041416422864','Phan ThГџв•—ГЇ NgГџв•—Г¬c','NГџв•—В»','2004-04-12','в”ЂГ‰Гџв•—Гґng Nai','K01HTTT1','phanthingoc@gmail.com','K01'),('SV26041416422904','TrГџв•—ГЇnh Vв”ЂГўn Гџв•—Г¶n','Nam','2004-06-25','Bв”њГЎ RГџв•—ГЇa-VT','K01HTTT1','trinhvanon@gmail.com','K01'),('SV26041416422949','phat','Nam','2002-06-26','a','K02HTTT1','phattran2662002@gmail.com','K02'),('SV26041416422994','Nguyen Test','Nam','2000-01-01','Ha Noi','K02HTTT1','test@gmail.com','K02'),('SV26041416423036','a','Nam','2013-11-22','a','K02HTTT1','a@gmail.com','K02');
/*!40000 ALTER TABLE `sinhvien` ENABLE KEYS */;
UNLOCK TABLES;

--
-- Dumping data for table `sinhvien_lopmonhoc`
--

LOCK TABLES `sinhvien_lopmonhoc` WRITE;
/*!40000 ALTER TABLE `sinhvien_lopmonhoc` DISABLE KEYS */;
INSERT INTO `sinhvien_lopmonhoc` (`MaSV`, `MaLopMon`, `TongKet`, `HocGhep`) VALUES ('SV26032820590173','LM26032821312229',NULL,0),('SV26032820590173','LM26041501105800',NULL,0),('SV26032821181078','LM26032821312229',NULL,0),('SV26032821181078','LM26041501105800',NULL,0),('SV26040115460848','LM26032821312229',NULL,0),('SV26040115460848','LM26041501105800',NULL,0),('SV26041416422349','LM26032821312229',NULL,0),('SV26041416422349','LM26041501105800',NULL,0),('SV26041416422349','LM26041501105832',NULL,0),('SV26041416422395','LM26032821312229',NULL,0),('SV26041416422395','LM26041501105800',NULL,0),('SV26041416422395','LM26041501105832',NULL,0),('SV26041416422440','LM26032821312229',NULL,0),('SV26041416422440','LM26041501105800',NULL,0),('SV26041416422440','LM26041501105832',NULL,0),('SV26041416422482','LM26041501105800',NULL,1),('SV26041416422482','LM26041501105836','5.1',1),('SV26041416422482','LM26051603142477',NULL,0),('SV26041416422524','LM26051603142477',NULL,0),('SV26041416422564','LM26051603142477',NULL,0),('SV26041416422611','LM26041501105813',NULL,0),('SV26041416422660','LM26041501105813',NULL,0),('SV26041416422703','LM26051603142477',NULL,0),('SV26041416422745','LM26041501105836',NULL,0),('SV26041416422745','LM26051603134754',NULL,0),('SV26041416422745','LM26051603142477',NULL,0),('SV26041416422745','LM26051603191755',NULL,0),('SV26041416422786','LM26041501105813',NULL,0),('SV26041416422949','LM26032821312229','0.0',0),('SV26041416422949','LM26041501105800','5.6',0),('SV26041416422949','LM26041501105836',NULL,0),('SV26041416422949','LM26051603134754',NULL,0),('SV26041416422949','LM26051603142477',NULL,0),('SV26041416422949','LM26051603191755','6.0',1),('SV26041416422994','LM26041501105836','7.6',0),('SV26041416422994','LM26051603134754',NULL,0),('SV26041416422994','LM26051603142477',NULL,0),('SV26041416422994','LM26051603191755',NULL,0),('SV26041416423036','LM26041501105836',NULL,0),('SV26041416423036','LM26051603134754',NULL,0),('SV26041416423036','LM26051603142477',NULL,0),('SV26041416423036','LM26051603191755',NULL,0);
/*!40000 ALTER TABLE `sinhvien_lopmonhoc` ENABLE KEYS */;
UNLOCK TABLES;

--
-- Dumping data for table `taikhoan`
--

LOCK TABLES `taikhoan` WRITE;
/*!40000 ALTER TABLE `taikhoan` DISABLE KEYS */;
INSERT INTO `taikhoan` (`UserName`, `Password`, `Role`) VALUES ('admin','$2b$12$4nPYxheGQUXOlFFZ2T.n3OLskFBrCkl0PcNntTDbQZG6jhuufS/92','admin'),('GV001','$2b$12$VLhklnMq2BvSnuV7lzyOouixrvPY5u72XH50XADM8LLbNV90Spi6a','teacher'),('GV002','$2b$10$Hr/gdKisUB.lXsG50GDLU.xcPM.KJklOyOHGqWeKoTM8dHa5USJU.','teacher'),('GV003','$2b$10$leChRjViFwDKaK/Ks0cMz.PThWkrW4NnXujAGHsoFyZU8cGQjvb1u','teacher'),('GV004','$2b$12$4Icftl60TAi5UHwd1VAope3.E64Pn8YSNh.X01XdZ/00z8NY0DHWy','teacher'),('GV005','$2b$12$hzvDTdWmPMEhKwzdmkHV5OUgq.Cy7h1Z1PDZtVCZ/X984YzsCVWR.','teacher'),('SV26032820590173','$2b$12$NbK.YhGRMCGw45TW./rPjemjdHmAPYL893aE0TByX9dXF.D4GN10m','student'),('SV26032821181078','$2b$12$TXPl5sde/FP5kZFG.vYRzuE/MztRlOOnV4lkvE2XqeSGP7N/1YBy6','student'),('SV26040115460848','$2b$12$gtyr1kHWv/O1GLQVCX8ge.kVJWXl5MjfeLs.f0.ahoL1b5zetK.YK','student'),('SV26041416422349','$2b$12$uVQwPusImXEXBZYrrh7ovOpaPf89Wb6EUEET6AhdZH4Y6aHWHzTGy','student'),('SV26041416422395','$2b$12$zU3uY1lYN8MgcIY0POffm.J5GYcfvmulbTeUDo/Qu4NvtByzIpFrK','student'),('SV26041416422440','$2b$12$qEnl0mu4x.KfUXEfk20Squ2ErizyRi4dH5Rit5nFdsspYYvsv.yv6','student'),('SV26041416422482','$2b$12$Cc9O4IUffyfuMXmI1j8j/uCBKi1w5Zn/pjfOUB.YNR6uz3RVVfSFm','student'),('SV26041416422524','$2b$12$0tv7OHyfp6vEwwJYVIl9I.01AwpJ7L5Quriw8ONnww4qcff5LERW2','student'),('SV26041416422564','$2b$12$vUHto6fhcGJspenG1ZDhUON6zKKn1jgg7U30CTI9xI2e7TqaC0e/6','student'),('SV26041416422611','$2b$12$73F0t3OFbMag/mkiWXWQ4uAX1uavhoKWYh9H7Ii0aUXvbYXbStGXS','student'),('SV26041416422660','$2b$12$cQbttnvCQwy2cvUwDkkL7Or57/BbullOKnW9FkT/mfvDaGKOXZ7K.','student'),('SV26041416422703','$2b$12$C015UjhGiT6gqpgCGPG.3.yAmgwNkZaMtrpFpLImBIrDzW37Wg6y.','student'),('SV26041416422745','$2b$12$jB.mzlTNMJABK2ckwzvrW.6wI7eD.0SypLvJC.XgxnwRdXEQgkQPq','student'),('SV26041416422786','$2b$12$Abc70ola6usu0F5ZGrKzK.f2Bw2w8QvH.PEMtW4uc9oaOYDRtGW2C','student'),('SV26041416422825','$2b$12$9HGc.AJVOAyX1jXyPIIGxe6dDwPqPqPdHgdh/yk2jqF34ohQpZ7VK','student'),('SV26041416422864','$2b$12$G.FLB1zWBUHOi/OIG2QIpOyGd/th45F75jLTNXvbEJ.Pg2k.xgQ.C','student'),('SV26041416422904','$2b$12$9Ju7GoiROfJ/XSOVkYIF8O3t.d3X9F75PA7RpnvRaYoWj3ixLfh.i','student'),('SV26041416422949','$2b$12$mpgoKQcKPjpXrxMrfsveeeo.HUutRcQ/F2M9zyTqpgzpPy5pzNz6y','student'),('SV26041416422994','$2b$12$968hardkxRfyFW7Ji9iKj..UwdtSj4gVObzrAG/rLqYfN.DvpflVW','student'),('SV26041416423036','$2b$12$aEVHrNP3xE/EfjQWnQlZQuIf7K.Lphcq2EAT.OEJ6O5GQM1QxYice','student');
/*!40000 ALTER TABLE `taikhoan` ENABLE KEYS */;
UNLOCK TABLES;
/*!40103 SET TIME_ZONE=@OLD_TIME_ZONE */;

/*!40101 SET SQL_MODE=@OLD_SQL_MODE */;
/*!40014 SET FOREIGN_KEY_CHECKS=@OLD_FOREIGN_KEY_CHECKS */;
/*!40014 SET UNIQUE_CHECKS=@OLD_UNIQUE_CHECKS */;
/*!40101 SET CHARACTER_SET_CLIENT=@OLD_CHARACTER_SET_CLIENT */;
/*!40101 SET CHARACTER_SET_RESULTS=@OLD_CHARACTER_SET_RESULTS */;
/*!40101 SET COLLATION_CONNECTION=@OLD_COLLATION_CONNECTION */;
/*!40111 SET SQL_NOTES=@OLD_SQL_NOTES */;

-- Dump completed on 2026-05-26 15:09:47
